{
  "2882": {
    "fold_ics": [
      0.08557308580124658,
      0.08761082556485296,
      0.01533756752834844,
      -0.11881798671110784,
      0.2852053965653517
    ],
    "mean_ic": 0.07098177774973838,
    "std_ic": 0.13076805350000703,
    "ic_tstat": 0.5428025656676835,
    "positive_ratio": 0.8
  }
}